<?xml version="1.0" encoding="UTF-8"?>
<ns2:EmailNotification xmlns:ns2="http://www.guitarcenter.com/schemas/CDM/CDMCustomerNotification" xmlns:ns0="http://www.guitarcenter.com/schemas/Framework/FrameworkContext/V1.0" xmlns:jms1="http://www.tibco.com/namespaces/tnt/plugins/jms">
	<NotificationType>passwordChangedEmail</NotificationType>
	<NotificationTrackingID>1427785654685</NotificationTrackingID>
	<EmailTo>rachakatla@me.com</EmailTo>
	<EmailSubject>Your password has been changed successfully</EmailSubject>
	<ns2:PasswordResetConfirmNotification>
		<CustomerSource>
			<ChannelID>web</ChannelID>
			<Brand brandID="GC.com"/>
			<SiteID>5</SiteID>
		</CustomerSource>
		<CustomerContact>
			<Customer>
				<FirstName>Rajanikanth</FirstName>
				<LastName>Rachakatla</LastName>
				<CustomerID>16120049</CustomerID>
				<ContactAddress>
					<EMailAddress>
						<Email>rachakatla@me.com</Email>
						<isPrimary>false</isPrimary>
					</EMailAddress>
				</ContactAddress>
			</Customer>
		</CustomerContact>
	</ns2:PasswordResetConfirmNotification>
</ns2:EmailNotification>
