<?xml version="1.0" encoding="UTF-8"?>
<ns0:EmailNotification xmlns:ns0="http://www.guitarcenter.com/schemas/CDM/CDMCustomerNotification" xmlns:jms1="http://www.tibco.com/namespaces/tnt/plugins/jms">
	<NotificationType>passwordResetEmail</NotificationType>
	<NotificationTrackingID>1427792993503</NotificationTrackingID>
	<EmailTo>simona.todoroska@guitarcenter.com</EmailTo>
	<EmailSubject>Please Reset Your Password</EmailSubject>
	<ns0:PasswordResetNotification>
		<CustomerSource>
			<ChannelID>web</ChannelID>
			<Brand brandID="GC.com"/>
			<SiteID>5</SiteID>
		</CustomerSource>
		<CustomerContact>
			<Customer>
				<FirstName>priya</FirstName>
				<LastName>doraisami</LastName>
				<CustomerID>15931350</CustomerID>
				<ContactAddress>
					<EMailAddress>
						<Email>simona.todoroska@guitarcenter.com</Email>
						<isPrimary>false</isPrimary>
					</EMailAddress>
				</ContactAddress>
			</Customer>
		</CustomerContact>
		<PasswordResetURL>http://tl2-www.guitarcenter.com/myaccount/change-password?token=at3oNRXPUuMZoVbGQ5I+Bp02ykYZWZol</PasswordResetURL>
	</ns0:PasswordResetNotification>
</ns0:EmailNotification>
